Submission id,Participant id,Status,Started at,Completed at,Reviewed at,Archived at,Time taken,Completion code,Total approvals,Video games,Age,Sex,Ethnicity simplified,Country of birth,Country of residence,Nationality,Language,Student status,Employment status
643ea09a1d03b6d3908c9195,608427499fc9b6c212890542,APPROVED,2023-04-18T13:52:26.708000Z,2023-04-18T14:03:46.979000Z,2023-04-18T14:20:19.707000,2023-04-18T14:03:49.445737Z,681,C1I6GZK1,84,3-6 hours,24,Female,White,Portugal,Portugal,Portugal,Portuguese,No,Part-Time
643ea0a0e470bbcf5d2a5804,603e1d3cab9d37d640f46a0c,APPROVED,2023-04-18T13:52:32.014000Z,2023-04-18T13:59:31.896000Z,2023-04-18T14:20:24.760000,2023-04-18T13:59:32.332693Z,420,C1I6GZK1,89,10-12 hours,22,Male,White,Poland,Poland,Poland,Polish,Yes,Unemployed (and job seeking)
643ea0d864cffd40a7303773,6053a67da2a8ffd85c9ac69f,APPROVED,2023-04-18T13:53:28.865000Z,2023-04-18T14:03:26.895000Z,2023-04-18T14:20:24.908000,2023-04-18T14:03:27.388338Z,599,C1I6GZK1,99,6-9 hours,27,Male,White,Portugal,Portugal,Portugal,Portuguese,No,Full-Time
643ea0fd42e8719cde901cad,60ceab9344ca679de3297af5,APPROVED,2023-04-18T13:54:05.121000Z,2023-04-18T14:01:47.285000Z,2023-04-18T14:20:25.090000,2023-04-18T14:01:48.314356Z,463,C1I6GZK1,132,13 hours or more,30,Male,Other,Chile,Chile,Chile,Spanish,No,"Not in paid work (e.g. homemaker', 'retired or disabled)"
643ea1227cf1247315bbda76,60f3103aaa4f64f02e5c5829,APPROVED,2023-04-18T13:54:42.367000Z,2023-04-18T14:04:25.245000Z,2023-04-18T14:20:25.238000,2023-04-18T14:04:25.714241Z,583,C1I6GZK1,183,13 hours or more,25,Male,White,Spain,Spain,Spain,Spanish,No,Unemployed (and job seeking)
643ea13db48127cbbf7bf67d,5eb40f1f0d916d20d9db9144,APPROVED,2023-04-18T13:55:36.355000Z,2023-04-18T14:01:00.728000Z,2023-04-18T14:20:25.374000,2023-04-18T14:01:01.115912Z,325,C1I6GZK1,182,10-12 hours,23,Male,White,Spain,Spain,Spain,Spanish,DATA_EXPIRED,DATA_EXPIRED
643ea187651345bfec16f76b,5f31ef83efc0c913389d6554,APPROVED,2023-04-18T13:56:35.638000Z,2023-04-18T14:08:59.187000Z,2023-04-18T14:20:19.827000,2023-04-18T14:09:00.650507Z,744,C1I6GZK1,204,3-6 hours,29,Female,Black,South Africa,South Africa,South Africa,English,No,Other
643ea25f87dbf620672119e9,5f52c76d5e8dec5c3649d640,APPROVED,2023-04-18T14:00:08.370000Z,2023-04-18T14:08:00.622000Z,2023-04-18T14:20:19.945000,2023-04-18T14:08:09.701148Z,473,C1I6GZK1,26,13 hours or more,23,Female,White,Poland,Poland,Poland,Polish,Yes,Other
643ea269ae5db2ca90e12a0f,5ed65f072514f607cdf04655,APPROVED,2023-04-18T14:00:09.573000Z,2023-04-18T14:07:47.637000Z,2023-04-18T14:20:20.069000,2023-04-18T14:07:59.765379Z,459,C1I6GZK1,271,3-6 hours,25,Female,White,Portugal,Portugal,Portugal,Portuguese,Yes,Unemployed (and job seeking)
643ea2b6567463570f671ff0,5f4b5dfa55620d00087a72bb,APPROVED,2023-04-18T14:01:26.112000Z,2023-04-18T14:13:45.194000Z,2023-04-18T14:20:20.196000,2023-04-18T14:13:52.392938Z,740,C1I6GZK1,38,3-6 hours,20,Female,White,Cyprus,Netherlands,Cyprus,Greek,Yes,Unemployed (and job seeking)
643ea86d28dac3c165eea968,5c548bf9aba7d60001f1f41a,APPROVED,2023-04-18T14:25:49.562000Z,2023-04-18T14:34:35.775000Z,2023-04-18T15:57:00.522000,2023-04-18T14:34:36.233862Z,527,C1I6GZK1,443,3-6 hours,23,Male,White,Poland,Poland,Poland,Polish,Yes,Part-Time
643ea879eed93c86b898edea,5ac6852df69e940001d98f04,APPROVED,2023-04-18T14:26:06.831000Z,2023-04-18T14:34:45.014000Z,2023-04-18T15:57:15.667000,2023-04-18T14:34:45.805491Z,519,C1I6GZK1,543,0-3 hours,24,Female,White,Greece,Greece,Greece,Greek,Yes,Part-Time
643ea87cbac13fb91393bdec,610d37d392eceefd0088077b,APPROVED,2023-04-18T14:26:09.163000Z,2023-04-18T14:32:01.184000Z,2023-04-18T15:57:15.805000,2023-04-18T14:32:01.710092Z,353,C1I6GZK1,195,3-6 hours,24,Female,Black,South Africa,South Africa,South Africa,English,No,Part-Time
643ea87f965121557e2cd17a,64290efcf44164cf59c7a7d4,APPROVED,2023-04-18T14:26:33.043000Z,2023-04-18T15:10:54.365000Z,2023-04-18T15:57:00.650000,2023-04-18T15:10:54.789962Z,2662,C1I6GZK1,5,3-6 hours,34,Male,White,Germany,Germany,Germany,German,No,DATA_EXPIRED
643ea8a926659ad5d4a7d308,5f1eba6ba65ce801eaaeb562,APPROVED,2023-04-18T14:26:49.332000Z,2023-04-18T14:32:25.896000Z,2023-04-18T15:57:01.098000,2023-04-18T14:32:26.289410Z,337,C1I6GZK1,269,6-9 hours,21,Male,White,Poland,Poland,Poland,Polish,No,Full-Time
643ea8b9bc66cc7b2bda29f5,603179eb0ba9440d3ed65569,APPROVED,2023-04-18T14:27:05.152000Z,2023-04-18T14:35:49.407000Z,2023-04-18T15:57:01.218000,2023-04-18T14:35:49.831489Z,525,C1I6GZK1,133,6-9 hours,20,Male,White,Portugal,Portugal,Portugal,Portuguese,Yes,Part-Time
643ea8c790a7cc281e211a34,60365a98a8b60fcb5bf8d9e4,APPROVED,2023-04-18T14:27:19.048000Z,2023-04-18T14:31:21.643000Z,2023-04-18T15:57:01.361000,2023-04-18T14:31:22.007868Z,243,C1I6GZK1,75,10-12 hours,21,Male,White,Greece,Greece,Greece,Greek,Yes,Other
643ea8d3f7d6f376e3dcc833,5f9703fb588a4d05da750510,APPROVED,2023-04-18T14:27:31.456000Z,2023-04-18T14:38:38.291000Z,2023-04-18T15:57:01.485000,2023-04-18T14:38:39.628690Z,667,C1I6GZK1,208,6-9 hours,23,Male,White,Poland,Poland,Poland,Polish,DATA_EXPIRED,DATA_EXPIRED
643ea8dd3d7bf4ba817b9f71,5f2918a80f67072bbc3f6bb8,APPROVED,2023-04-18T14:27:45.546000Z,2023-04-18T14:37:33.444000Z,2023-04-18T15:57:01.610000,2023-04-18T14:37:35.089929Z,588,C1I6GZK1,132,3-6 hours,28,Male,White,Poland,Poland,Poland,Polish,No,Full-Time
643ea8df73c40cc15ad70c44,5f343de4d0c07630b7f90b92,APPROVED,2023-04-18T14:27:43.465000Z,2023-04-18T14:35:31.053000Z,2023-04-18T15:57:01.723000,2023-04-18T14:35:31.591961Z,468,C1I6GZK1,457,6-9 hours,38,Male,White,Italy,Italy,Italy,Italian,No,Full-Time
643ea8ffebf4dc7938182332,5eb86296a7371b0bc856c1fa,APPROVED,2023-04-18T14:28:19.423000Z,2023-04-18T14:38:20.530000Z,2023-04-18T15:57:15.931000,2023-04-18T14:38:20.914991Z,602,C1I6GZK1,66,10-12 hours,30,Female,White,Latvia,Latvia,Latvia,Latvian,No,Full-Time
643ea900ecc175f1841ecb46,61516f157092b66018472a2f,APPROVED,2023-04-18T14:28:19.035000Z,2023-04-18T14:33:19.614000Z,2023-04-18T15:57:01.861000,2023-04-18T14:33:20.012358Z,301,C1I6GZK1,260,0-3 hours,26,Male,White,Spain,Spain,Spain,Basque,DATA_EXPIRED,Full-Time
643ea902ebecf600f837c64c,5f5503435d41a489068ff50b,APPROVED,2023-04-18T14:28:18.424000Z,2023-04-18T14:35:50.798000Z,2023-04-18T15:57:01.981000,2023-04-18T14:35:51.245488Z,453,C1I6GZK1,371,13 hours or more,21,Male,White,Italy,Italy,Italy,Italian,Yes,"Not in paid work (e.g. homemaker', 'retired or disabled)"
643ea90ad42190d1b43e7186,642bcdcb1237089415a6f8ca,APPROVED,2023-04-18T14:28:31.669000Z,2023-04-18T14:37:26.878000Z,2023-04-18T15:57:02.111000,2023-04-18T14:37:27.744586Z,536,C1I6GZK1,8,10-12 hours,32,Male,White,Germany,Germany,Germany,German,No,Full-Time
643ea911cabe804031182335,5e6b9c4c45cecd000b7c6c7e,APPROVED,2023-04-18T14:28:33.482000Z,2023-04-18T14:34:33.488000Z,2023-04-18T15:57:16.064000,2023-04-18T14:34:34.668013Z,361,C1I6GZK1,58,0-3 hours,24,Female,White,Czech Republic,Czech Republic,Czech Republic,Czech,Yes,Full-Time
643ea914bb08290c7a9cdbc6,5f3a23adc252525e495e1dff,APPROVED,2023-04-18T14:28:40.195000Z,2023-04-18T14:35:05.536000Z,2023-04-18T15:57:02.235000,2023-04-18T14:35:05.893971Z,386,C1I6GZK1,47,13 hours or more,22,Male,White,Poland,Poland,Poland,Polish,Yes,Other
643ea917c0aa5325f6929f68,5cf66dcc37d62500177e7cf3,APPROVED,2023-04-18T14:28:43.959000Z,2023-04-18T14:35:31.297000Z,2023-04-18T15:57:02.362000,2023-04-18T14:35:31.749961Z,408,C1I6GZK1,484,6-9 hours,30,Male,White,Hungary,Hungary,Hungary,Hungarian,No,Full-Time
643ea91c12fafd79ef1ecb70,5e90e86f1ffa7e09c8890315,APPROVED,2023-04-18T14:28:44.656000Z,2023-04-18T14:37:03.990000Z,2023-04-18T15:57:02.482000,2023-04-18T14:37:07.864654Z,500,C1I6GZK1,60,13 hours or more,22,Male,White,Poland,Poland,Poland,Polish,Yes,Due to start a new job within the next month
643ea925753801b7be787010,5f9ea5d9e5f9ba44c8d2d7c8,APPROVED,2023-04-18T14:28:53.212000Z,2023-04-18T14:40:27.807000Z,2023-04-18T15:57:02.600000,2023-04-18T14:40:28.221352Z,695,C1I6GZK1,216,13 hours or more,21,Male,White,Portugal,Portugal,Portugal,Portuguese,Yes,DATA_EXPIRED
643ea9279bc016d231929fb7,5f738de5cd78b40e58fb464b,APPROVED,2023-04-18T14:28:55.771000Z,2023-04-18T14:34:34.586000Z,2023-04-18T15:57:02.724000,2023-04-18T14:34:35.983715Z,339,C1I6GZK1,266,10-12 hours,22,Male,White,Spain,Spain,Spain,Spanish,Yes,Other
643ea92b26fb90cca4e0cc80,6140ff9c5750f0081ca8d71f,APPROVED,2023-04-18T14:28:59.108000Z,2023-04-18T14:39:07.078000Z,2023-04-18T15:57:02.851000,2023-04-18T14:39:07.506834Z,608,C1I6GZK1,94,13 hours or more,22,Male,White,Hungary,Hungary,Hungary,Hungarian,Yes,Other
643ea92c6ef25fa497b3bc7f,60c702f34ec15c99d540ff20,APPROVED,2023-04-18T14:29:00.457000Z,2023-04-18T14:40:23.713000Z,2023-04-18T15:57:02.970000,2023-04-18T14:40:24.079375Z,684,C1I6GZK1,235,10-12 hours,23,Male,White,Poland,Poland,Poland,Polish,DATA_EXPIRED,Part-Time
643ea931bc1db763a7ca4203,61597ca19e7685bd2a7c5ece,APPROVED,2023-04-18T14:29:11.695000Z,2023-04-18T14:45:32.275000Z,2023-04-18T15:57:03.095000,2023-04-18T14:45:37.189957Z,981,C1I6GZK1,104,13 hours or more,30,Male,White,Hungary,Hungary,Hungary,Hungarian,No,Full-Time
643ea9335fee3e3bb53e717b,5f2db71517f1c70d8f46e916,APPROVED,2023-04-18T14:29:07.396000Z,2023-04-18T14:33:13.371000Z,2023-04-18T15:57:03.218000,2023-04-18T14:33:13.957211Z,246,C1I6GZK1,59,13 hours or more,22,Male,White,Poland,Poland,Poland,Polish,DATA_EXPIRED,DATA_EXPIRED
643ea9426f8ac06beb4b4f67,5e8b2f6aecf1c07e41c551be,APPROVED,2023-04-18T14:29:40.531000Z,2023-04-18T14:40:41.803000Z,2023-04-18T15:57:03.351000,2023-04-18T14:40:42.366220Z,662,C1I6GZK1,285,10-12 hours,26,Male,White,Portugal,Portugal,Portugal,Portuguese,Yes,Part-Time
643ea943418aabe29b67202e,5dd6023dcaee3e5b7ba7a5bc,APPROVED,2023-04-18T14:30:44.259000Z,2023-04-18T14:45:19.883000Z,2023-04-18T15:57:03.489000,2023-04-18T14:45:23.021406Z,876,C1I6GZK1,305,13 hours or more,26,Male,White,Sweden,Sweden,Sweden,Swedish,No,Unemployed (and job seeking)
643ea95667329bef6267a213,5de6a44e676a6d6145017e02,APPROVED,2023-04-18T14:29:42.147000Z,2023-04-18T14:41:09.702000Z,2023-04-18T15:57:03.612000,2023-04-18T14:41:10.096702Z,688,C1I6GZK1,459,6-9 hours,23,Male,White,Portugal,Portugal,Portugal,Portuguese,Yes,DATA_EXPIRED
643ea964ccb489e8e28f677e,5eac4b0a1f8db726fc6060c8,APPROVED,2023-04-18T14:29:56.734000Z,2023-04-18T14:37:55.407000Z,2023-04-18T15:57:03.736000,2023-04-18T14:37:55.772744Z,479,C1I6GZK1,288,13 hours or more,22,Male,White,Portugal,Portugal,Portugal,Portuguese,Yes,Unemployed (and job seeking)
643ea964f98db49b3e3de615,6138ab0eb6bf317267f80b64,APPROVED,2023-04-18T14:30:09.622000Z,2023-04-18T14:37:12.304000Z,2023-04-18T15:57:16.192000,2023-04-18T14:37:12.821263Z,423,C1I6GZK1,27,3-6 hours,40,Female,White,South Africa,South Africa,South Africa,English,No,Unemployed (and job seeking)
643ea9696d2ee7e02c672027,5fc0f865eb746f052a984304,APPROVED,2023-04-18T14:31:34.629000Z,2023-04-18T14:47:09.536000Z,2023-04-18T15:57:03.863000,2023-04-18T14:47:10.045558Z,935,C1I6GZK1,93,0-3 hours,25,Male,White,Portugal,Portugal,Portugal,Portuguese,Yes,Unemployed (and job seeking)
643ea978c06aa7cb4f4b4ef1,5f2261f25742524fd2a62a7a,APPROVED,2023-04-18T14:30:16.079000Z,2023-04-18T14:48:30.118000Z,2023-04-18T15:57:03.985000,2023-04-18T14:48:30.563554Z,1095,C1I6GZK1,127,3-6 hours,32,Male,Black,South Africa,South Africa,South Africa,English,No,Full-Time
643ea97d8d9424509dbe10de,5f4c175e219f12824882c23d,APPROVED,2023-04-18T14:30:21.356000Z,2023-04-18T14:38:17.889000Z,2023-04-18T15:57:16.318000,2023-04-18T14:38:18.447892Z,477,C1I6GZK1,161,6-9 hours,21,Female,White,Poland,Poland,Poland,Polish,Yes,Other
643ea985418aabe29b672038,608adf0cc8637f7f395352b1,APPROVED,2023-04-18T14:30:41.496000Z,2023-04-18T14:37:32.068000Z,2023-04-18T15:57:04.110000,2023-04-18T14:37:32.660236Z,411,C1I6GZK1,254,13 hours or more,22,Male,White,Hungary,Hungary,Hungary,Hungarian,No,Unemployed (and job seeking)
643ea985ebf4dc793818234d,61064894bea937e97b971f3c,APPROVED,2023-04-18T14:30:34.747000Z,2023-04-18T14:46:56.201000Z,2023-04-18T15:57:16.443000,2023-04-18T14:46:58.391432Z,982,C1I6GZK1,174,3-6 hours,34,Female,White,Estonia,Estonia,Estonia,Estonian,No,Full-Time
643ea98e019e681a62944d76,605e00317685d10fdd6e7a16,APPROVED,2023-04-18T14:30:38.675000Z,2023-04-18T14:39:19.063000Z,2023-04-18T15:57:04.228000,2023-04-18T14:39:19.440633Z,521,C1I6GZK1,295,3-6 hours,32,Male,White,Greece,Greece,Greece,Greek,No,Full-Time
643ea9995730a2f54f0e1a17,5eb40fb9e8373821b19f995a,APPROVED,2023-04-18T14:30:49.718000Z,2023-04-18T14:37:54.036000Z,2023-04-18T15:57:04.349000,2023-04-18T14:37:54.987745Z,425,C1I6GZK1,226,13 hours or more,22,Male,White,Italy,Italy,Italy,Italian,Yes,Unemployed (and job seeking)
643ea9a15730a2f54f0e1a19,6093c8ecd6164d2b16b202aa,APPROVED,2023-04-18T14:30:57.784000Z,2023-04-18T14:36:49.156000Z,2023-04-18T15:57:04.474000,2023-04-18T14:36:52.541672Z,352,C1I6GZK1,100,6-9 hours,20,Male,White,Poland,Poland,Poland,Polish,No,Other
643ea9a19ced6682741dfb6d,5f8f1d38e25d2b1306f8e554,APPROVED,2023-04-18T14:31:01.614000Z,2023-04-18T14:36:02.616000Z,2023-04-18T15:57:16.564000,2023-04-18T14:36:03.381062Z,302,C1I6GZK1,406,13 hours or more,29,Female,White,Italy,Italy,Italy,Italian,Yes,Unemployed (and job seeking)
643ea9adccf04af5d9ef512f,589c1e2d32c2cc0001cd155a,APPROVED,2023-04-18T14:31:14.059000Z,2023-04-18T14:44:37.738000Z,2023-04-18T15:57:04.610000,2023-04-18T14:44:38.097290Z,804,C1I6GZK1,45,13 hours or more,38,Male,White,Poland,Poland,Poland,Polish,No,Full-Time
643ea9b8f81fea4242bb4ebf,5f14e3ceafd70a5774c29ebb,APPROVED,2023-04-18T14:31:31.255000Z,2023-04-18T14:42:11.091000Z,2023-04-18T15:57:04.739000,2023-04-18T14:42:11.472545Z,640,C1I6GZK1,184,13 hours or more,22,Male,White,Portugal,Portugal,Portugal,Portuguese,Yes,"Not in paid work (e.g. homemaker', 'retired or disabled)"
643ea9bc996bec1d3e31de6c,602db1ca73ddaf883ae430a7,APPROVED,2023-04-18T14:31:27.238000Z,2023-04-18T14:40:14.884000Z,2023-04-18T15:57:04.868000,2023-04-18T14:40:15.567612Z,528,C1I6GZK1,86,3-6 hours,23,Male,White,Portugal,Portugal,Portugal,Portuguese,DATA_EXPIRED,Full-Time
643ea9bcfd137ebd0c786fc7,63400c1f90bf977fdb7ec941,APPROVED,2023-04-18T14:31:26.212000Z,2023-04-18T14:40:45.364000Z,2023-04-18T15:57:05.037000,2023-04-18T14:40:45.806912Z,560,C1I6GZK1,95,10-12 hours,26,Male,White,United Kingdom,Germany,Germany,English,No,Full-Time
643ea9c5a087ec6397ab9473,60e44e23facb93f7970b2df0,APPROVED,2023-04-18T14:31:33.824000Z,2023-04-18T14:41:23.040000Z,2023-04-18T15:57:05.155000,2023-04-18T14:41:23.428123Z,590,C1I6GZK1,68,10-12 hours,22,Male,Asian,Pakistan,Hungary,Pakistan,Urdu,Yes,Unemployed (and job seeking)
643ea9c75b9114096d7b9f0a,5d9f546b1b289e0015c9f3f5,APPROVED,2023-04-18T14:31:35.343000Z,2023-04-18T14:38:33.482000Z,2023-04-18T15:57:05.281000,2023-04-18T14:38:33.934998Z,419,C1I6GZK1,139,13 hours or more,22,Male,White,Portugal,Portugal,Portugal,Portuguese,Yes,Other
643ea9c7611f0da3b7e12a15,5ee1320707199750393f8f8b,APPROVED,2023-04-18T14:31:35.883000Z,2023-04-18T14:42:12.778000Z,2023-04-18T15:57:05.400000,2023-04-18T14:42:13.204500Z,637,C1I6GZK1,133,13 hours or more,21,Male,White,Portugal,Portugal,Portugal,Portuguese,Yes,Other
643ea9c8f98db49b3e3de62c,60733d6690d0d13013e9f40a,APPROVED,2023-04-18T14:31:36.878000Z,2023-04-18T14:40:53.992000Z,2023-04-18T15:57:05.519000,2023-04-18T14:40:54.471822Z,558,C1I6GZK1,334,13 hours or more,24,Male,White,Portugal,Portugal,Portugal,Portuguese,No,Other
643ea9cd6bfa01b3fc4cf833,5f75038af210b8164310d49d,APPROVED,2023-04-18T14:31:41.960000Z,2023-04-18T14:47:18.726000Z,2023-04-18T15:57:05.642000,2023-04-18T14:47:19.126928Z,937,C1I6GZK1,42,13 hours or more,32,Male,White,Chile,Chile,Chile,Spanish,No,Part-Time
643ea9cd87da17b574d70cb9,61038917dbab6d0d7f203eef,APPROVED,2023-04-18T14:31:41.343000Z,2023-04-18T14:42:38.120000Z,2023-04-18T15:57:16.692000,2023-04-18T14:42:38.512564Z,657,C1I6GZK1,108,10-12 hours,25,Female,Asian,Mexico,Mexico,Mexico,Spanish,No,Full-Time
643ea9cfd2fca7b108da03be,602c11c29029ff46f065703d,APPROVED,2023-04-18T14:31:47.904000Z,2023-04-18T14:37:36.654000Z,2023-04-18T15:57:05.766000,2023-04-18T14:37:37.045448Z,349,C1I6GZK1,265,10-12 hours,23,Male,White,Portugal,Portugal,Portugal,Portuguese,Yes,Other
643ea9d1b1c897922cfa6e55,5f0e4bf8c7f97e18fb4473a7,APPROVED,2023-04-18T14:31:45.115000Z,2023-04-18T14:44:35.468000Z,2023-04-18T15:57:05.900000,2023-04-18T14:44:35.896283Z,771,C1I6GZK1,239,3-6 hours,27,Male,White,Italy,Italy,Italy,Italian,DATA_EXPIRED,DATA_EXPIRED
643ea9d21e467e573420e934,5c9148901bc01a0001149f86,APPROVED,2023-04-18T14:31:46.051000Z,2023-04-18T14:36:04.183000Z,2023-04-18T15:57:16.834000,2023-04-18T14:36:04.695144Z,259,C1I6GZK1,446,6-9 hours,32,Female,White,Portugal,Portugal,Portugal,Portuguese,No,Other
643ea9d8c43902bfa74d002e,60fee872f34ba132f857fc66,APPROVED,2023-04-18T14:31:52.427000Z,2023-04-18T14:39:23.484000Z,2023-04-18T15:57:16.956000,2023-04-18T14:39:25.801552Z,452,C1I6GZK1,83,0-3 hours,25,Female,White,Portugal,Portugal,Portugal,Portuguese,No,Full-Time
643ea9db85846497afbb4f00,5e1a5871fb00b62d79e4de6e,APPROVED,2023-04-18T14:31:55.415000Z,2023-04-18T14:36:03.881000Z,2023-04-18T15:57:06.021000,2023-04-18T14:36:04.570557Z,249,C1I6GZK1,327,13 hours or more,21,Male,White,Poland,Poland,Poland,Polish,No,Full-Time
643ea9dbd807b7d3c8797fba,5f4357fe16548e595f470904,APPROVED,2023-04-18T14:31:57.996000Z,2023-04-18T14:43:37.383000Z,2023-04-18T15:57:17.071000,2023-04-18T14:43:37.915503Z,700,C1I6GZK1,305,3-6 hours,33,Female,Asian,Philippines,Canada,Philippines,Tagalog-Filipino,No,Other
643ea9deb2fa7585ee17832d,60c3c2a85ba1dc89cb490f41,APPROVED,2023-04-18T14:31:58.059000Z,2023-04-18T14:41:27.153000Z,2023-04-18T15:57:06.142000,2023-04-18T14:41:27.858132Z,570,C1I6GZK1,139,13 hours or more,24,Male,White,Italy,Italy,Italy,Italian,No,Full-Time
643ea9e712fafd79ef1ecb9d,63d284f85392896193d9c8ef,APPROVED,2023-04-18T14:32:09.514000Z,2023-04-18T14:42:00.857000Z,2023-04-18T15:57:06.270000,2023-04-18T14:42:01.477763Z,592,C1I6GZK1,10,10-12 hours,29,Male,White,United Kingdom,Germany,United Kingdom,English,No,Full-Time
643ea9e9eefa394f02600be7,6172565eadc997827ec98b06,APPROVED,2023-04-18T14:32:09.952000Z,2023-04-18T14:43:43.192000Z,2023-04-18T15:57:06.397000,2023-04-18T14:43:43.582858Z,694,C1I6GZK1,73,6-9 hours,19,Male,Black,South Africa,South Africa,South Africa,English,Yes,Unemployed (and job seeking)
643ea9ed73c40cc15ad70c53,5c44f101a5487b00011d122e,APPROVED,2023-04-18T14:32:13.577000Z,2023-04-18T14:38:30.781000Z,2023-04-18T15:57:06.517000,2023-04-18T14:38:31.349746Z,378,C1I6GZK1,272,0-3 hours,42,Male,White,Greece,Greece,Greece,Greek,No,DATA_EXPIRED
643ea9f0876115812320e923,5d069530ad18d40019bb768f,APPROVED,2023-04-18T14:32:16.549000Z,2023-04-18T14:37:24.853000Z,2023-04-18T15:57:06.638000,2023-04-18T14:37:25.318217Z,309,C1I6GZK1,431,10-12 hours,29,Male,White,Greece,Greece,Greece,Greek,Yes,"Not in paid work (e.g. homemaker', 'retired or disabled)"
643ea9f142e2c576f06c5be3,5cb40e0b717f4600015e7392,APPROVED,2023-04-18T14:32:22.634000Z,2023-04-18T14:42:36.125000Z,2023-04-18T15:57:17.190000,2023-04-18T14:42:36.579058Z,614,C1I6GZK1,403,10-12 hours,32,Female,Other,Mexico,Mexico,Mexico,Spanish,No,Full-Time
643ea9f210128169509ddddb,632b2d338361d67900661d07,APPROVED,2023-04-18T14:32:21.570000Z,2023-04-18T14:36:34.514000Z,2023-04-18T15:57:06.775000,2023-04-18T14:36:34.927882Z,253,C1I6GZK1,252,3-6 hours,29,Male,White,United Kingdom,United Kingdom,United Kingdom,English,No,Full-Time
643ea9f73d7bf4ba817b9f9a,5e19e188913e52263e3b2d9d,APPROVED,2023-04-18T14:32:27.261000Z,2023-04-18T14:46:14.872000Z,2023-04-18T15:57:06.894000,2023-04-18T14:46:26.157240Z,828,C1I6GZK1,143,3-6 hours,26,Male,White,Poland,Poland,Poland,Polish,DATA_EXPIRED,DATA_EXPIRED
643eaa01d643e6a2f8bb4ed2,5dd90c31238a9189593ebd4d,APPROVED,2023-04-18T14:32:33.321000Z,2023-04-18T14:42:06.178000Z,2023-04-18T15:57:17.308000,2023-04-18T14:42:06.626393Z,573,C1I6GZK1,181,0-3 hours,22,Female,White,Portugal,Portugal,Portugal,Portuguese,No,Unemployed (and job seeking)
643eaa0ca915c0b63bc0d217,6157481bc73bba8566fed3be,APPROVED,2023-04-18T14:32:44.678000Z,2023-04-18T14:45:55.705000Z,2023-04-18T15:57:07.014000,2023-04-18T14:46:01.708627Z,792,C1I6GZK1,102,3-6 hours,19,Male,White,Poland,Poland,Poland,Polish,No,DATA_EXPIRED
643eaa174dc47b42190e1a8a,5e6a2b48a07d4307b963e797,APPROVED,2023-04-18T14:32:55.798000Z,2023-04-18T14:38:10.229000Z,2023-04-18T15:57:07.145000,2023-04-18T14:38:11.828151Z,315,C1I6GZK1,69,13 hours or more,23,Male,White,Portugal,Portugal,Portugal,Portuguese,Yes,DATA_EXPIRED
643eaa1f6e20805d760e1a33,60a7657a79f3876617046f93,APPROVED,2023-04-18T14:33:03.426000Z,2023-04-18T14:54:06.385000Z,2023-04-18T15:57:17.426000,2023-04-18T14:54:06.851320Z,1263,C1I6GZK1,130,13 hours or more,21,Female,White,Portugal,Portugal,Portugal,Portuguese,No,Full-Time
643eaa236aad2ac0d0d97dea,60d43e59cced38b25b96be84,APPROVED,2023-04-18T14:33:11.261000Z,2023-04-18T14:38:44.766000Z,2023-04-18T15:57:07.262000,2023-04-18T14:38:45.161692Z,334,C1I6GZK1,180,13 hours or more,20,Male,White,Poland,United Kingdom,Poland,Polish,Yes,Unemployed (and job seeking)
643eaa259906d811192cf336,5bb105d357281d0001ff257b,APPROVED,2023-04-18T14:33:16.053000Z,2023-04-18T14:42:12.824000Z,2023-04-18T15:57:07.379000,2023-04-18T14:42:13.437703Z,537,C1I6GZK1,303,13 hours or more,24,Male,Mixed,Chile,Chile,Chile,Spanish,No,Full-Time
643eaa26f7d6f376e3dcc868,5c2cdd5a5005b60001acf35a,APPROVED,2023-04-18T14:33:10.966000Z,2023-04-18T14:58:22.628000Z,2023-04-18T15:57:07.498000,2023-04-18T14:58:54.789360Z,1512,C1I6GZK1,215,13 hours or more,23,Male,White,Poland,Poland,Poland,Polish,Yes,Other
643eaa2aca37b00889a17f54,5f008bb06e7dc419c43ee3e9,APPROVED,2023-04-18T14:33:14.964000Z,2023-04-18T14:40:40.956000Z,2023-04-18T15:57:07.615000,2023-04-18T14:40:41.322867Z,446,C1I6GZK1,412,13 hours or more,29,Male,White,Portugal,Portugal,Portugal,Portuguese,No,Other
643eaa2be0677b47f5ab9460,603a58f0ae671e61ca915868,APPROVED,2023-04-18T14:33:18.577000Z,2023-04-18T14:43:56.492000Z,2023-04-18T15:57:07.740000,2023-04-18T14:43:56.974478Z,638,C1I6GZK1,122,13 hours or more,20,Male,White,Hungary,Hungary,Hungary,Hungarian,Yes,Full-Time
643eaa2f99ea023209c3186d,5e8ae3cd2c382479f5db5d87,APPROVED,2023-04-18T14:33:19.084000Z,2023-04-18T14:39:37.172000Z,2023-04-18T15:57:17.556000,2023-04-18T14:39:37.594010Z,379,C1I6GZK1,553,0-3 hours,27,Female,White,Canada,Canada,Canada,English,No,Unemployed (and job seeking)
643eaa31551401961b47efe1,5cade139dc2eb10001cc06b6,APPROVED,2023-04-18T14:35:51.107000Z,2023-04-18T14:51:20.668000Z,2023-04-18T15:57:07.866000,2023-04-18T14:51:21.160212Z,930,C1I6GZK1,7,3-6 hours,24,Male,White,Portugal,Portugal,Portugal,Portuguese,Yes,Unemployed (and job seeking)
643eaa31e2cacdf6f6d70cb8,5a0b46e0844c7a00015e4d13,APPROVED,2023-04-18T14:33:26.731000Z,2023-04-18T14:43:25.147000Z,2023-04-18T15:57:17.678000,2023-04-18T14:43:25.575339Z,599,C1I6GZK1,58,6-9 hours,29,Female,White,Poland,Poland,Poland,Polish,No,Full-Time
643eaa329ce42e8245c8c868,5c66ce46df26f300010b0385,APPROVED,2023-04-18T14:33:22.143000Z,2023-04-18T14:42:29.965000Z,2023-04-18T15:57:07.984000,2023-04-18T14:42:30.411383Z,548,C1I6GZK1,152,13 hours or more,25,Male,White,Poland,Poland,Poland,Polish,Yes,Part-Time
643eaa37a632d7daa5b3bbfa,5ff122683e41f7d5a5240cdd,APPROVED,2023-04-18T14:33:27.277000Z,2023-04-18T14:43:05.439000Z,2023-04-18T15:57:08.113000,2023-04-18T14:43:05.800071Z,579,C1I6GZK1,363,13 hours or more,26,Male,White,Italy,Italy,Italy,Italian,No,Part-Time
643eaa3d248983d33c787029,5fc3076da684f6269b6b4b6b,APPROVED,2023-04-18T14:33:33.865000Z,2023-04-18T14:43:03.886000Z,2023-04-18T15:57:08.233000,2023-04-18T14:43:04.355378Z,571,C1I6GZK1,106,13 hours or more,36,Male,White,Portugal,Portugal,Portugal,Portuguese,No,Part-Time
643eaa3f2fd717aafbc17eed,5fc89a7141443c21dd1ccd2b,APPROVED,2023-04-18T14:33:35.836000Z,2023-04-18T14:41:35.957000Z,2023-04-18T15:57:08.355000,2023-04-18T14:41:36.373497Z,481,C1I6GZK1,203,13 hours or more,23,Male,White,Spain,Spain,Spain,Spanish,No,Unemployed (and job seeking)
643eaa4109e2c4668b47eff8,6052978fd989c3a10f890c3a,APPROVED,2023-04-18T14:33:37.981000Z,2023-04-18T14:52:42.215000Z,2023-04-18T15:57:08.488000,2023-04-18T14:52:42.699429Z,1145,C1I6GZK1,281,13 hours or more,28,Male,White,Italy,Italy,Italy,Italian,DATA_EXPIRED,DATA_EXPIRED
643eaa466f8ac06beb4b4f83,5fb813023bdaed4bc4bd3967,APPROVED,2023-04-18T14:33:42.910000Z,2023-04-18T14:53:41.637000Z,2023-04-18T15:57:08.612000,2023-04-18T14:53:42.066328Z,1199,C1I6GZK1,336,3-6 hours,47,Male,White,Poland,Poland,Poland,Polish,No,Full-Time
643eaa4926659ad5d4a7d358,605c693aa4492bfd4f6c0ec9,APPROVED,2023-04-18T14:33:49.648000Z,2023-04-18T14:41:15.414000Z,2023-04-18T15:57:08.734000,2023-04-18T14:41:15.870616Z,446,C1I6GZK1,184,0-3 hours,43,Male,White,Portugal,Portugal,Portugal,Portuguese,No,Full-Time
643eaa4ad733f02fcc9cdbf5,5ef0c6b4583f1b141f6c99d9,APPROVED,2023-04-18T14:34:10.639000Z,2023-04-18T14:53:59.127000Z,2023-04-18T15:57:08.853000,2023-04-18T14:54:00.585299Z,1189,C1I6GZK1,305,6-9 hours,28,Male,White,United Kingdom,Spain,United Kingdom,English,No,Full-Time
643eaa4b05cae2c10f98edfe,60ae1fbc211488ad968ac509,APPROVED,2023-04-18T14:33:47.140000Z,2023-04-18T14:40:07.644000Z,2023-04-18T15:57:08.987000,2023-04-18T14:40:09.153112Z,381,C1I6GZK1,248,10-12 hours,23,Male,White,Portugal,Portugal,Portugal,Portuguese,Yes,Part-Time
643eaa50067b1bde0fcdeca1,5cf958b0302ee700151b81cc,APPROVED,2023-04-18T14:39:40.636000Z,2023-04-18T14:57:30.108000Z,2023-04-18T15:57:09.100000,2023-04-18T14:57:54.264026Z,1070,C1I6GZK1,588,13 hours or more,31,Male,White,Italy,Italy,Italy,Italian,Yes,Unemployed (and job seeking)
643eaa50243b9759a7a18005,5ef1f739408c1d81b823f3b3,APPROVED,2023-04-18T14:35:36.725000Z,2023-04-18T14:44:47.632000Z,2023-04-18T15:57:17.804000,2023-04-18T14:44:52.667050Z,551,C1I6GZK1,317,3-6 hours,39,Female,White,United Kingdom,Sweden,United Kingdom,English,Yes,"Not in paid work (e.g. homemaker', 'retired or disabled)"
643eaa515d649b28036dee84,6081276cab2c41e58d3635f1,APPROVED,2023-04-18T14:33:53.825000Z,2023-04-18T14:40:47.318000Z,2023-04-18T15:57:09.217000,2023-04-18T14:40:48.324200Z,414,C1I6GZK1,63,3-6 hours,20,Male,White,Spain,Spain,Spain,Spanish,Yes,DATA_EXPIRED
643eaa5358e0956b176c5bd9,5df7a5766887bc54aa8078a9,APPROVED,2023-04-18T14:33:55.356000Z,2023-04-18T14:49:01.976000Z,2023-04-18T15:57:17.921000,2023-04-18T14:49:02.397014Z,907,C1I6GZK1,148,3-6 hours,22,Female,White,Greece,Greece,Greece,Greek,DATA_EXPIRED,DATA_EXPIRED
643eaa543e97ab8ead93bd89,5fb6e5861bd049137876161b,APPROVED,2023-04-18T14:33:56.702000Z,2023-04-18T14:49:37.912000Z,2023-04-18T15:57:09.335000,2023-04-18T14:49:38.333183Z,942,C1I6GZK1,134,6-9 hours,24,Male,White,Hungary,Germany,Hungary,Hungarian,No,Full-Time
643eaa582cd7de731398ed1a,60be6636641f651607257372,APPROVED,2023-04-18T14:34:00.682000Z,2023-04-18T14:55:34.875000Z,2023-04-18T15:57:18.046000,2023-04-18T14:55:40.509798Z,1295,C1I6GZK1,149,3-6 hours,27,Female,Mixed,Mexico,Mexico,Mexico,Spanish,No,Full-Time
643eaa5e0eb4880579c318f0,5d9518b5ed0b400016161171,APPROVED,2023-04-18T14:34:06.178000Z,2023-04-18T14:42:58.273000Z,2023-04-18T15:57:09.460000,2023-04-18T14:42:59.645633Z,533,C1I6GZK1,105,13 hours or more,23,Male,White,Slovenia,Slovenia,Slovenia,Slovenian,Yes,Full-Time
643eaa669554155259600c45,5ff98c476483da2858c6b1d9,APPROVED,2023-04-18T14:34:14.586000Z,2023-04-18T14:38:28.608000Z,2023-04-18T15:57:09.581000,2023-04-18T14:38:29.101614Z,255,C1I6GZK1,167,3-6 hours,22,Male,White,Portugal,Portugal,Portugal,Portuguese,Yes,Part-Time
643eaa6d2ab30d387bda2a3e,60ad18618133abd4e6a13f3d,APPROVED,2023-04-18T14:34:21.644000Z,2023-04-18T14:46:31.201000Z,2023-04-18T15:57:09.702000,2023-04-18T14:46:38.115771Z,730,C1I6GZK1,257,10-12 hours,24,Male,White,Portugal,Portugal,Portugal,Portuguese,Yes,Other
643eaa6eef5dd7eae31b65df,5df938ca8390796b7ce84de1,APPROVED,2023-04-18T14:34:22.374000Z,2023-04-18T14:45:21.754000Z,2023-04-18T15:57:09.821000,2023-04-18T14:45:25.248078Z,660,C1I6GZK1,370,6-9 hours,39,Male,Mixed,Mexico,Mexico,Mexico,Spanish,No,Full-Time
643eaa7237206b5cce9ddd6b,6108878a6817adc0fb1bfbf9,APPROVED,2023-04-18T14:34:26.265000Z,2023-04-18T14:52:37.228000Z,2023-04-18T15:57:18.167000,2023-04-18T14:52:39.011062Z,1091,C1I6GZK1,131,10-12 hours,23,Female,White,Portugal,Portugal,Portugal,Portuguese,Yes,Other
643eaa73a4df442a6f70c953,5c98f0f728cfb0001667d035,APPROVED,2023-04-18T14:34:30.289000Z,2023-04-18T14:40:44.019000Z,2023-04-18T15:57:09.939000,2023-04-18T14:40:44.408063Z,374,C1I6GZK1,204,6-9 hours,31,Male,Mixed,Greece,Greece,Greece,Greek,Yes,DATA_EXPIRED
643eaa7896b5cf9ef8bdfa2c,5dada613823b7d0016484453,APPROVED,2023-04-18T14:34:32.274000Z,2023-04-18T14:43:14.596000Z,2023-04-18T15:57:18.284000,2023-04-18T14:43:15.227265Z,523,C1I6GZK1,508,0-3 hours,27,Female,White,Portugal,Portugal,Portugal,Portuguese,No,Full-Time
643eaa78a456ba36fce73090,60e32283f6d0a670353fa793,APPROVED,2023-04-18T14:34:46.447000Z,2023-04-18T14:44:15.962000Z,2023-04-18T15:57:10.077000,2023-04-18T14:44:16.397331Z,570,C1I6GZK1,165,10-12 hours,24,Male,Mixed,South Africa,South Africa,South Africa,English,No,Part-Time
643eaa7a8d9424509dbe1111,5f034ecf38c5aa527d056830,APPROVED,2023-04-18T14:34:41.244000Z,2023-04-18T14:41:28.769000Z,2023-04-18T15:57:10.209000,2023-04-18T14:41:29.175232Z,408,C1I6GZK1,246,10-12 hours,32,Male,White,Portugal,Portugal,Portugal,Portuguese,No,Full-Time
643eaa7c46fcc19d41a7d35c,5ba0a1450611410001076625,APPROVED,2023-04-18T14:38:28.964000Z,2023-04-18T14:53:07.610000Z,2023-04-18T15:57:18.427000,2023-04-18T14:53:08.054706Z,879,C1I6GZK1,370,0-3 hours,47,Female,Black,Italy,Italy,Italy,Italian,No,DATA_EXPIRED
643eaa8726659ad5d4a7d366,606a2a1a12dfeb47f347b279,APPROVED,2023-04-18T14:34:53.203000Z,2023-04-18T14:44:47.451000Z,2023-04-18T15:57:18.547000,2023-04-18T14:44:49.719323Z,595,C1I6GZK1,81,10-12 hours,22,Female,White,Poland,Poland,Poland,Polish,Yes,Other
643eaa87da86816522eea9c2,5fa1b15c9727b230c10860bd,APPROVED,2023-04-18T14:34:47.555000Z,2023-04-18T14:44:50.812000Z,2023-04-18T15:57:10.339000,2023-04-18T14:44:52.612612Z,604,C1I6GZK1,36,13 hours or more,22,Male,White,Poland,Poland,Poland,Polish,Yes,Part-Time
643eaa886d05f889b9a349a4,5bc0ffa6b548c500012783cc,APPROVED,2023-04-18T14:34:57.724000Z,2023-04-18T14:40:34.251000Z,2023-04-18T15:57:10.460000,2023-04-18T14:40:34.671389Z,337,C1I6GZK1,184,3-6 hours,35,Male,Other,Mexico,Mexico,Mexico,Spanish,No,Full-Time
643eaa89c0c67652deda29bf,5ee24da71deb04305a3c19f2,APPROVED,2023-04-18T14:34:51.973000Z,2023-04-18T14:42:12.587000Z,2023-04-18T15:57:18.670000,2023-04-18T14:42:13.124167Z,441,C1I6GZK1,193,13 hours or more,22,Female,White,Poland,Poland,Poland,Polish,DATA_EXPIRED,Other
643eaa8b3faea5e1ededf8b9,6167eea0a4fd7219518e8a16,APPROVED,2023-04-18T14:34:59.960000Z,2023-04-18T14:47:18.127000Z,2023-04-18T15:57:10.576000,2023-04-18T14:47:18.513893Z,739,C1I6GZK1,69,13 hours or more,23,Male,White,Portugal,Portugal,Portugal,Portuguese,Yes,Unemployed (and job seeking)
643eaa8f33d42ac11237c6d7,610712983bc34f461900ddc6,APPROVED,2023-04-18T14:34:55.120000Z,2023-04-18T14:43:04.254000Z,2023-04-18T15:57:10.696000,2023-04-18T14:43:05.039097Z,490,C1I6GZK1,269,13 hours or more,28,Male,Other,Mexico,Mexico,Mexico,Spanish,No,Unemployed (and job seeking)
643eaa9063f4539647786fa7,5fbd84fd5877a016876df191,APPROVED,2023-04-18T14:34:56.914000Z,2023-04-18T14:39:04.627000Z,2023-04-18T15:57:10.817000,2023-04-18T14:39:06.412614Z,248,C1I6GZK1,182,13 hours or more,27,Male,White,Portugal,Portugal,Portugal,Portuguese,No,Full-Time
643eaa95d96f5f72d01823a0,6097c78000db68ff40b12843,APPROVED,2023-04-18T14:35:05.586000Z,2023-04-18T14:43:07.578000Z,2023-04-18T15:57:10.933000,2023-04-18T14:43:08.019336Z,482,C1I6GZK1,121,0-3 hours,32,Male,White,Italy,Italy,Italy,Italian,Yes,Other
643eaa96ccb489e8e28f67b0,5deaa2b91eb2a9000b98c1e4,APPROVED,2023-04-18T14:35:05.922000Z,2023-04-18T14:48:05.297000Z,2023-04-18T15:57:18.793000,2023-04-18T14:48:05.699416Z,780,C1I6GZK1,144,3-6 hours,33,Female,Mixed,Curacao,Netherlands,Netherlands,Papiamento,No,Unemployed (and job seeking)
643eaa9a61fe796daca3499a,613a9833c9a297f3ac00743f,APPROVED,2023-04-18T14:35:19.858000Z,2023-04-18T14:53:37.046000Z,2023-04-18T15:57:18.915000,2023-04-18T14:53:37.521196Z,1098,C1I6GZK1,79,3-6 hours,25,Female,Other,Mexico,Mexico,Mexico,Spanish,Yes,Unemployed (and job seeking)
643eaa9abaaa6384749dddb5,5f2448855226b0000a8129e1,APPROVED,2023-04-18T14:35:06.093000Z,2023-04-18T14:42:09.684000Z,2023-04-18T15:57:11.049000,2023-04-18T14:42:10.086695Z,424,C1I6GZK1,439,13 hours or more,22,Male,White,Czech Republic,Czech Republic,Czech Republic,Czech,Yes,Part-Time
643eaa9d998b321e0ee6f9e3,5edaa4924ea9bd6f14f3d618,APPROVED,2023-04-18T14:35:13.359000Z,2023-04-18T14:43:29.444000Z,2023-04-18T15:57:11.163000,2023-04-18T14:43:29.896588Z,497,C1I6GZK1,265,13 hours or more,21,Male,White,Poland,Poland,Poland,Polish,Yes,Unemployed (and job seeking)
643eaaa1d9e82a6ed9929f90,5dc0353028cfb7479e1f7e8d,APPROVED,2023-04-18T14:35:16.124000Z,2023-04-18T15:10:46.081000Z,2023-04-18T15:57:19.040000,2023-04-18T15:10:46.697680Z,2130,C1I6GZK1,330,10-12 hours,25,Female,White,Mexico,Mexico,Mexico,Spanish,Yes,Full-Time
643eaaa4fa26e3925f1b6631,60eebba89f75b48fc7c819a8,APPROVED,2023-04-18T14:35:16.024000Z,2023-04-18T14:44:42.584000Z,2023-04-18T15:57:11.279000,2023-04-18T14:44:43.020185Z,567,C1I6GZK1,340,0-3 hours,39,Male,White,Spain,France,Spain,Spanish,No,Full-Time
643eaaa6a456ba36fce73096,5f4469a101c96e20702a9ece,APPROVED,2023-04-18T14:35:18.535000Z,2023-04-18T14:47:03.681000Z,2023-04-18T15:57:11.397000,2023-04-18T14:47:04.134859Z,706,C1I6GZK1,138,13 hours or more,21,Male,White,Portugal,Portugal,Portugal,Portuguese,Yes,Full-Time
643eaaa975d00dbbfe2cd1ab,61449225bf27372b6b036f5f,APPROVED,2023-04-18T14:35:21.046000Z,2023-04-18T14:39:24.160000Z,2023-04-18T15:57:11.531000,2023-04-18T14:39:24.608938Z,244,C1I6GZK1,138,13 hours or more,22,Male,White,Portugal,Portugal,Portugal,Portuguese,Yes,DATA_EXPIRED
643eaaaaffbd2f2530797fdc,55ca6ddffdf99b58acd1ddc4,APPROVED,2023-04-18T14:35:58.776000Z,2023-04-18T14:49:08.079000Z,2023-04-18T15:57:11.653000,2023-04-18T14:49:08.582419Z,790,C1I6GZK1,636,13 hours or more,35,Male,White,Portugal,Portugal,Portugal,Portuguese,No,Full-Time
643eaab0b1b23c07294cf8b3,5f69c62d0bda08020d07c27e,APPROVED,2023-04-18T14:35:31.323000Z,2023-04-18T14:37:50.775000Z,2023-04-18T15:57:19.157000,2023-04-18T14:37:51.125814Z,140,C1I6GZK1,447,0-3 hours,22,Female,White,United Kingdom,United Kingdom,United Kingdom,English,Yes,Full-Time
643eaab212aa3eb11d8e50dd,611c3b92dfff09cc4c9d16e9,APPROVED,2023-04-18T14:35:31.763000Z,2023-04-18T14:49:12.678000Z,2023-04-18T15:57:11.780000,2023-04-18T14:49:13.092838Z,821,C1I6GZK1,163,6-9 hours,25,Male,White,Portugal,Portugal,Portugal,Portuguese,Yes,Due to start a new job within the next month
643eaab5951df63b04d70caa,5e91a48c9b5ff04d1090a38d,APPROVED,2023-04-18T14:35:33.881000Z,2023-04-18T14:42:02.290000Z,2023-04-18T15:57:11.901000,2023-04-18T14:42:03.230311Z,389,C1I6GZK1,273,6-9 hours,28,Male,White,Portugal,Portugal,Portugal,Portuguese,Yes,Full-Time
643eaab629515f9b8e31dede,5f4d16fc2377a097b0a3a648,APPROVED,2023-04-18T14:35:34.535000Z,2023-04-18T14:54:14.594000Z,2023-04-18T15:57:12.022000,2023-04-18T14:54:17.932058Z,1121,C1I6GZK1,111,10-12 hours,24,Male,White,Portugal,Portugal,Portugal,Portuguese,Yes,Full-Time
643eaab712c8605aa4d89e18,5ee78cdd0103130133fdb204,APPROVED,2023-04-18T14:35:35.301000Z,2023-04-18T14:38:57.324000Z,2023-04-18T15:57:12.142000,2023-04-18T14:38:58.624558Z,203,C1I6GZK1,574,13 hours or more,26,Male,White,Italy,Italy,Italy,Italian,Yes,Unemployed (and job seeking)
643eaab8876115812320e933,5f1219fec1ac14141d488e49,APPROVED,2023-04-18T14:35:36.118000Z,2023-04-18T14:58:14.188000Z,2023-04-18T15:57:19.276000,2023-04-18T14:58:47.588393Z,1359,C1I6GZK1,328,0-3 hours,40,Female,White,Spain,Spain,Spain,Spanish,Yes,Full-Time
643eaabb611f0da3b7e12a24,5ed0b2cfcdc428000987621e,APPROVED,2023-04-18T14:35:39.819000Z,2023-04-18T14:53:52.997000Z,2023-04-18T15:57:12.258000,2023-04-18T14:53:53.437701Z,1094,C1I6GZK1,357,6-9 hours,37,Male,White,Belgium,Belgium,Belgium,Dutch,DATA_EXPIRED,DATA_EXPIRED
643eaac275252c307d4cf895,5c93bd73642b0c00172314eb,APPROVED,2023-04-18T14:35:45.997000Z,2023-04-18T14:42:36.312000Z,2023-04-18T15:57:12.383000,2023-04-18T14:42:36.845499Z,411,C1I6GZK1,505,6-9 hours,26,Male,White,Moldova,Portugal,Portugal,Portuguese,Yes,Full-Time
643eaacdfc5da3d1af8e50a1,60e5ac4f3d93f294f5fa543b,APPROVED,2023-04-18T14:35:57.211000Z,2023-04-18T14:43:23.722000Z,2023-04-18T15:57:19.395000,2023-04-18T14:43:24.431524Z,447,C1I6GZK1,151,0-3 hours,23,Female,Black,South Africa,South Africa,South Africa,English,No,Full-Time
643eaace9ced6682741dfb8d,60dae89a5f83408530051f5e,APPROVED,2023-04-18T14:39:06.818000Z,2023-04-18T14:46:14.594000Z,2023-04-18T15:57:12.527000,2023-04-18T14:46:19.371230Z,428,C1I6GZK1,118,10-12 hours,28,Male,White,Italy,Italy,Italy,Italian,Yes,Other
643eaad6d9e82a6ed9929f9b,60e0ba60d52d208f64ad7cab,APPROVED,2023-04-18T14:36:38.049000Z,2023-04-18T14:47:53.381000Z,2023-04-18T15:57:19.519000,2023-04-18T14:47:53.892212Z,676,C1I6GZK1,158,0-3 hours,25,Female,Black,South Africa,South Africa,South Africa,English,No,Full-Time
643eaade212bfee3853e7135,608f29f8fb5de082970cb20a,APPROVED,2023-04-18T14:36:21.583000Z,2023-04-18T14:43:40.043000Z,2023-04-18T15:57:12.645000,2023-04-18T14:43:40.783997Z,439,C1I6GZK1,345,6-9 hours,31,Male,White,Portugal,Portugal,Portugal,Portuguese,No,Full-Time
643eaae75730a2f54f0e1a3b,5e650addc1f6e527c4689310,APPROVED,2023-04-18T14:36:23.440000Z,2023-04-18T14:43:08.172000Z,2023-04-18T15:57:19.640000,2023-04-18T14:43:09.198956Z,405,C1I6GZK1,519,3-6 hours,23,Female,White,Italy,Italy,Italy,Italian,Yes,DATA_EXPIRED
643eaafa43c79fd190bbbfbf,6096719df0721b6ad77942a6,APPROVED,2023-04-18T14:36:42.744000Z,2023-04-18T14:50:01.705000Z,2023-04-18T15:57:19.758000,2023-04-18T14:50:02.181347Z,799,C1I6GZK1,107,13 hours or more,25,Female,White,Sweden,Sweden,Sweden,Swedish,Yes,Other
643eaafee0677b47f5ab9486,5f3692bf1640190638ebb687,APPROVED,2023-04-18T14:36:46.163000Z,2023-04-18T14:58:15.313000Z,2023-04-18T15:57:19.895000,2023-04-18T14:58:43.479990Z,1290,C1I6GZK1,116,10-12 hours,24,Female,White,Brazil,Portugal,Brazil,Portuguese,Yes,Unemployed (and job seeking)
643eab08b7d20b50c7182322,61260e2741183100f61d0382,APPROVED,2023-04-18T14:36:56.224000Z,2023-04-18T14:58:54.552000Z,2023-04-18T15:57:20.050000,2023-04-18T14:59:34.690969Z,1319,C1I6GZK1,278,3-6 hours,23,Female,White,Portugal,Portugal,Portugal,Portuguese,No,Other
643eab09d7a64db3b73163c3,5c2baf76ee08ca0001599a95,APPROVED,2023-04-18T14:36:57.395000Z,2023-04-18T14:42:07.006000Z,2023-04-18T15:57:20.491000,2023-04-18T14:42:07.482767Z,310,C1I6GZK1,48,6-9 hours,23,Female,Mixed,Israel,Israel,Israel,Hebrew,Yes,Part-Time
643eab14426f5b103d0261c2,5c741cdd2af891001707e1e8,APPROVED,2023-04-18T14:37:23.992000Z,2023-04-18T14:47:23.009000Z,2023-04-18T15:57:20.606000,2023-04-18T14:47:23.466767Z,600,C1I6GZK1,593,3-6 hours,34,Female,White,Estonia,Estonia,Estonia,Estonian,No,Unemployed (and job seeking)
643eab16f81fea4242bb4ef4,611cb807922d0db4d7d5a3ac,APPROVED,2023-04-18T14:37:10.469000Z,2023-04-18T14:50:54.605000Z,2023-04-18T15:57:20.724000,2023-04-18T14:50:54.998820Z,825,C1I6GZK1,197,13 hours or more,24,Female,Black,South Africa,South Africa,South Africa,English,No,Other
643eab257d893fa6e6c17eb4,6412fe828882ecbe10b4c9ca,APPROVED,2023-04-18T14:37:41.281000Z,2023-04-18T14:46:20.670000Z,2023-04-18T15:57:20.849000,2023-04-18T14:46:28.015213Z,520,C1I6GZK1,14,6-9 hours,37,Female,White,Germany,Germany,Germany,German,No,DATA_EXPIRED
643eab2e549d4891a6f4e736,63cfe8fe491e0524d16458d8,APPROVED,2023-04-18T14:37:39.146000Z,2023-04-18T14:43:52.695000Z,2023-04-18T15:57:20.977000,2023-04-18T14:43:53.141309Z,374,C1I6GZK1,39,3-6 hours,26,Female,White,United Kingdom,United Kingdom,United Kingdom,English,No,Full-Time
643eab31f8ab28b6db5e149c,5e84590ec0307a017c80955c,APPROVED,2023-04-18T14:37:37.503000Z,2023-04-18T14:43:01.239000Z,2023-04-18T15:57:21.099000,2023-04-18T14:43:01.636616Z,324,C1I6GZK1,107,10-12 hours,21,Female,White,Italy,Italy,Italy,Italian,Yes,Other
643eab3437206b5cce9ddd7e,5f28fc46a241c52993dca6a4,APPROVED,2023-04-18T14:37:40Z,2023-04-18T14:48:43.117000Z,2023-04-18T15:57:13.054000,2023-04-18T14:48:43.490822Z,664,C1I6GZK1,229,13 hours or more,25,Male,Other,Mexico,Mexico,Mexico,English,Yes,Unemployed (and job seeking)
643eab36bc66cc7b2bda2a67,5f04bb887c6da1770e630b70,APPROVED,2023-04-18T14:37:45.458000Z,2023-04-18T14:46:36.077000Z,2023-04-18T15:57:21.219000,2023-04-18T14:46:37.795827Z,531,C1I6GZK1,311,13 hours or more,26,Female,White,Spain,Spain,Spain,Spanish,DATA_EXPIRED,Full-Time
643eab4d6bfa01b3fc4cf863,5c38d25078687a0001db8633,APPROVED,2023-04-18T14:38:11.978000Z,2023-04-18T14:48:48.943000Z,2023-04-18T15:57:21.343000,2023-04-18T14:48:49.288734Z,637,C1I6GZK1,773,13 hours or more,36,Female,White,Italy,Italy,Italy,Italian,No,Part-Time
643eab5075252c307d4cf8a0,60a23ba04a3a2f374dc84c4b,APPROVED,2023-04-18T14:38:14.249000Z,2023-04-18T14:52:53.977000Z,2023-04-18T15:57:21.466000,2023-04-18T14:52:56.086016Z,880,C1I6GZK1,148,3-6 hours,25,Female,White,France,France,France,French,No,DATA_EXPIRED
643eab60d7f4fbad5b1dfc07,60dd7b03f1e72d38230df476,APPROVED,2023-04-18T14:40:20.437000Z,2023-04-18T14:47:51.852000Z,2023-04-18T15:57:21.632000,2023-04-18T14:47:52.287277Z,452,C1I6GZK1,67,3-6 hours,25,Female,Mixed,Portugal,Portugal,Portugal,Portuguese,Yes,Part-Time
643eab6dea5db925c110e6f0,5e67667c4801cd000ec5bffb,APPROVED,2023-04-18T14:38:37.026000Z,2023-04-18T14:51:23.439000Z,2023-04-18T15:57:21.757000,2023-04-18T14:51:23.834288Z,767,C1I6GZK1,592,3-6 hours,25,Female,White,United Kingdom,Poland,United Kingdom,English,Yes,Full-Time
643eab7d22f7c44e1f8ad09b,609cee0941c579d23a1b8b6b,APPROVED,2023-04-18T14:38:53.936000Z,2023-04-18T14:47:37.233000Z,2023-04-18T15:57:21.885000,2023-04-18T14:47:37.684236Z,524,C1I6GZK1,143,13 hours or more,23,Female,White,Spain,Spain,Spain,Spanish,Yes,Part-Time
643eab852b79d185203e713a,5f549c619d2d4c808c789226,APPROVED,2023-04-18T14:39:01.810000Z,2023-04-18T14:50:36.655000Z,2023-04-18T15:57:22.013000,2023-04-18T14:50:37.611392Z,695,C1I6GZK1,365,6-9 hours,32,Female,White,United Kingdom,United Kingdom,United Kingdom,English,No,"Not in paid work (e.g. homemaker', 'retired or disabled)"
643eab8a61b4f1ca55ef51cd,5f06f000c09c7025b54b6a68,APPROVED,2023-04-18T14:39:12.673000Z,2023-04-18T14:50:22.181000Z,2023-04-18T15:57:22.139000,2023-04-18T14:50:22.593141Z,670,C1I6GZK1,225,10-12 hours,25,Female,White,United Kingdom,United Kingdom,United Kingdom,English,Yes,Unemployed (and job seeking)
643eab8f2895a62ab20e19fe,5c449a3175d0ee000197f2ce,APPROVED,2023-04-18T14:40:09.253000Z,2023-04-18T14:47:18.960000Z,2023-04-18T15:57:22.258000,2023-04-18T14:47:19.398731Z,430,C1I6GZK1,354,6-9 hours,36,Female,White,Sweden,Sweden,Sweden,Swedish,DATA_EXPIRED,DATA_EXPIRED
643eaba57c162b2c798f679d,610ec0291eddcdd98691690b,APPROVED,2023-04-18T14:39:33.808000Z,2023-04-18T15:05:33.367000Z,2023-04-18T15:57:22.381000,2023-04-18T15:05:34.297149Z,1560,C1I6GZK1,217,0-3 hours,23,Female,Black,South Africa,South Africa,South Africa,English,No,Full-Time
643eaba5ce64f445bfab1b42,5b94fffdaa1729000192a770,APPROVED,2023-04-18T14:39:36.712000Z,2023-04-18T14:44:37.820000Z,2023-04-18T15:57:22.510000,2023-04-18T14:44:38.729721Z,302,C1I6GZK1,263,13 hours or more,25,Female,White,Spain,Spain,Spain,Spanish,No,Unemployed (and job seeking)
643eabaafe4eb71d8220c7a6,5f4d9d4eda9c14a79d9e821e,APPROVED,2023-04-18T14:39:45.026000Z,2023-04-18T14:46:37.380000Z,2023-04-18T15:57:22.631000,2023-04-18T14:46:37.761136Z,413,C1I6GZK1,183,3-6 hours,54,Female,White,United Kingdom,Canada,Canada,English,No,Part-Time
643eabb35730a2f54f0e1a62,5f4f75dc0e7da9028e1f3d82,APPROVED,2023-04-18T14:39:47.420000Z,2023-04-18T14:46:20.515000Z,2023-04-18T15:57:22.745000,2023-04-18T14:46:23.792903Z,394,C1I6GZK1,378,13 hours or more,22,Female,White,Poland,Poland,Poland,Polish,Yes,Other
643eabc0426f5b103d0261db,5d459d56cb2c450019293bd0,APPROVED,2023-04-18T14:40:00.558000Z,2023-04-18T14:46:32.257000Z,2023-04-18T15:57:22.864000,2023-04-18T14:46:32.959094Z,392,C1I6GZK1,474,0-3 hours,33,Female,White,Poland,Poland,Poland,Polish,No,DATA_EXPIRED
643eabcbea5db925c110e6fd,5ebadcebe54b8507c2f5b71a,APPROVED,2023-04-18T14:40:14.473000Z,2023-04-18T14:51:46.173000Z,2023-04-18T15:57:22.980000,2023-04-18T14:51:46.599703Z,692,C1I6GZK1,159,10-12 hours,25,Female,White,Portugal,Portugal,Portugal,Portuguese,No,Full-Time
643eabcf2895a62ab20e1a04,6160cbce61d0279a207ce980,APPROVED,2023-04-18T14:40:20.755000Z,2023-04-18T14:48:09.842000Z,2023-04-18T15:57:23.106000,2023-04-18T14:48:10.395428Z,470,C1I6GZK1,119,6-9 hours,21,Female,Black,South Africa,South Africa,South Africa,English,Yes,Unemployed (and job seeking)
643eabd0d5f12a24409cdb5a,5f9c09faaae8a301fef929b4,APPROVED,2023-04-18T14:40:16.313000Z,2023-04-18T14:55:31.630000Z,2023-04-18T15:57:23.232000,2023-04-18T14:55:36.276235Z,916,C1I6GZK1,151,13 hours or more,21,Female,White,Poland,Poland,Poland,Polish,No,Unemployed (and job seeking)
643eabd88d9424509dbe114e,5f6132f075b3fa0ac649fd3c,APPROVED,2023-04-18T14:40:24.682000Z,2023-04-18T14:46:33.843000Z,2023-04-18T15:57:23.355000,2023-04-18T14:46:34.251259Z,370,C1I6GZK1,347,0-3 hours,25,Female,White,Italy,Italy,Italy,Italian,No,Full-Time
643eabe10cb3fdb7ab7eb684,5e8a03c98707ab000b65f3bb,APPROVED,2023-04-18T14:40:35.874000Z,2023-04-18T14:46:52.418000Z,2023-04-18T15:57:23.476000,2023-04-18T14:46:53.240193Z,377,C1I6GZK1,299,13 hours or more,30,Female,White,Italy,Italy,Italy,Italian,Yes,Full-Time
643eac01a3b163945e5ec996,601452716515751ad24690f9,APPROVED,2023-04-18T14:41:05.728000Z,2023-04-18T14:48:22.714000Z,2023-04-18T15:57:23.594000,2023-04-18T14:48:23.428179Z,437,C1I6GZK1,75,6-9 hours,23,Female,White,Poland,Poland,Poland,Polish,Yes,Unemployed (and job seeking)
643eac05cada2e66e293be1a,60feadf0d5c4363ce1f0eb44,APPROVED,2023-04-18T14:41:09.858000Z,2023-04-18T14:46:56.472000Z,2023-04-18T15:57:23.714000,2023-04-18T14:46:59.525227Z,347,C1I6GZK1,227,10-12 hours,21,Female,White,Germany,Germany,Germany,Russian,DATA_EXPIRED,DATA_EXPIRED
643eac0c3ab52d0f41dc593d,6139d8c791c9b4805690b33e,APPROVED,2023-04-18T14:41:25.396000Z,2023-04-18T14:45:07.633000Z,2023-04-18T15:57:23.838000,2023-04-18T14:45:09.326847Z,223,C1I6GZK1,196,10-12 hours,29,Female,White,South Africa,South Africa,South Africa,Afrikaans,No,Part-Time
643eac109b8226aecc944df5,5edc02c22514f68b7fe9acb2,APPROVED,2023-04-18T14:41:20.449000Z,2023-04-18T14:51:54.576000Z,2023-04-18T15:57:23.969000,2023-04-18T14:51:54.998722Z,635,C1I6GZK1,129,6-9 hours,21,Female,White,Poland,Poland,Poland,Polish,Yes,DATA_EXPIRED
643eac170c26860cd9c8c8dd,5edad7d6f848291823c5f99c,APPROVED,2023-04-18T14:41:27.231000Z,2023-04-18T15:21:03.096000Z,2023-04-18T15:57:24.089000,2023-04-18T15:21:03.606049Z,2376,C1I6GZK1,104,13 hours or more,22,Female,White,Poland,Poland,Poland,Polish,No,Unemployed (and job seeking)
643eac1c794f061ddda15b40,61248cf0f050d7da074abad1,APPROVED,2023-04-18T14:41:53.835000Z,2023-04-18T14:49:44.242000Z,2023-04-18T15:57:24.205000,2023-04-18T14:49:44.658885Z,471,C1I6GZK1,141,0-3 hours,20,Female,Black,South Africa,South Africa,South Africa,English,DATA_EXPIRED,DATA_EXPIRED
643eac28f833e83ed1dc5947,601003850fe88f252e98061a,APPROVED,2023-04-18T14:41:50.746000Z,2023-04-18T14:53:35.466000Z,2023-04-18T15:57:24.345000,2023-04-18T14:53:35.907068Z,705,C1I6GZK1,337,6-9 hours,24,Female,White,Germany,Germany,Germany,German,Yes,Unemployed (and job seeking)
643eac2edcef793bab5a356c,605b98c83da1ded576bcf096,APPROVED,2023-04-18T14:41:50.728000Z,2023-04-18T14:54:00.036000Z,2023-04-18T15:57:24.468000,2023-04-18T14:54:00.485987Z,730,C1I6GZK1,241,13 hours or more,20,Female,White,Poland,Poland,Poland,Polish,Yes,DATA_EXPIRED
643eac3cf833e83ed1dc594a,5f117f2b69f65101263bf8d0,APPROVED,2023-04-18T14:42:07.182000Z,2023-04-18T14:48:15.831000Z,2023-04-18T15:57:24.585000,2023-04-18T14:48:18.558171Z,369,C1I6GZK1,573,6-9 hours,24,Female,White,Spain,France,Spain,Spanish,Yes,Unemployed (and job seeking)
643eac44156f76247bdcc815,5bc39907541063000128a24c,APPROVED,2023-04-18T14:42:16.006000Z,2023-04-18T14:47:14.888000Z,2023-04-18T15:57:24.700000,2023-04-18T14:47:15.333468Z,299,C1I6GZK1,212,3-6 hours,31,Female,White,United Kingdom,United Kingdom,United Kingdom,English,No,Full-Time
643eac4507466c494010e71e,5fec594488f057dbd3bdec07,APPROVED,2023-04-18T14:42:13.056000Z,2023-04-18T14:49:55.653000Z,2023-04-18T15:57:24.825000,2023-04-18T14:49:56.192929Z,463,C1I6GZK1,452,6-9 hours,25,Female,White,United Kingdom,Spain,United Kingdom,English,No,Unemployed (and job seeking)
643eac4bb43226ecb132899d,5e67b776ff87e00532d8ddc1,APPROVED,2023-04-18T14:42:19.256000Z,2023-04-18T14:48:09.562000Z,2023-04-18T15:57:24.945000,2023-04-18T14:48:10.539064Z,351,C1I6GZK1,148,10-12 hours,22,Female,White,Poland,Poland,Poland,Polish,Yes,Full-Time
643eac52ebfefe1d8abe109d,61445c984906c1189b057dea,APPROVED,2023-04-18T14:42:26.499000Z,2023-04-18T14:49:31.445000Z,2023-04-18T15:57:25.071000,2023-04-18T14:49:32.810096Z,425,C1I6GZK1,219,3-6 hours,24,Female,White,Spain,Spain,Spain,Spanish,No,Part-Time
643eac54fd1f570911f4e736,5ee579ecd4169f2bee94041e,APPROVED,2023-04-18T14:42:31.877000Z,2023-04-18T15:23:27.098000Z,2023-04-18T15:57:25.190000,2023-04-18T15:23:27.550618Z,2456,C1I6GZK1,363,13 hours or more,24,Female,White,Spain,Spain,Spain,Spanish,Yes,Unemployed (and job seeking)
643eac6496b5cf9ef8bdfa5f,5c50a6869963920001a8bfb3,APPROVED,2023-04-18T14:42:48.880000Z,2023-04-18T14:56:13.444000Z,2023-04-18T15:57:25.308000,2023-04-18T14:56:16.889481Z,805,C1I6GZK1,284,6-9 hours,34,Female,White,Poland,Poland,Poland,Polish,No,Unemployed (and job seeking)
643eac64fc43c4fea0211a51,601c0c561e2f3c66f239f2dc,APPROVED,2023-04-18T14:42:48.953000Z,2023-04-18T14:56:45.387000Z,2023-04-18T15:57:25.438000,2023-04-18T14:56:50.471961Z,837,C1I6GZK1,103,10-12 hours,22,Female,White,Poland,Poland,Poland,Polish,Yes,Full-Time
643eac7319113dc8ae47f027,613b71a1c58464499bc49e8f,APPROVED,2023-04-18T14:43:38.327000Z,2023-04-18T14:53:34.430000Z,2023-04-18T15:57:25.555000,2023-04-18T14:53:34.895331Z,597,C1I6GZK1,346,3-6 hours,29,Female,Black,South Africa,South Africa,South Africa,English,Yes,Full-Time
643eac74f5f52c22716dee44,5fb1bda4dc80b7701dea5a79,APPROVED,2023-04-18T14:43:00.086000Z,2023-04-18T14:52:18.604000Z,2023-04-18T15:57:25.676000,2023-04-18T14:52:19.269849Z,559,C1I6GZK1,186,3-6 hours,24,Female,White,Poland,Japan,Poland,Polish,Yes,Due to start a new job within the next month
643eac7934180aab4b344e6f,5f1b74ffdac4b100086d905f,APPROVED,2023-04-18T14:43:05.299000Z,2023-04-18T14:54:51.907000Z,2023-04-18T15:57:25.801000,2023-04-18T14:54:52.294096Z,707,C1I6GZK1,117,13 hours or more,23,Female,White,Poland,Poland,Poland,Polish,Yes,Other
643eac80630a904b9b98edb3,61176bf49777cbfb341a34ae,APPROVED,2023-04-18T14:43:12.581000Z,2023-04-18T15:01:14.054000Z,2023-04-18T15:57:25.922000,2023-04-18T15:01:14.688077Z,1082,C1I6GZK1,155,3-6 hours,38,Female,Black,South Africa,South Africa,South Africa,English,No,Full-Time
643eac81950c7ece86f4e713,5caf89119495a600180dfc7b,APPROVED,2023-04-18T14:43:16.613000Z,2023-04-18T14:49:43.211000Z,2023-04-18T15:57:26.052000,2023-04-18T14:49:47.586475Z,387,C1I6GZK1,259,3-6 hours,22,Female,Black,United Kingdom,United Kingdom,United Kingdom,Twi,Yes,Unemployed (and job seeking)
643eac863ebe6dbbc7be1091,5a4513a435c9d50001fdbf96,APPROVED,2023-04-18T14:43:24.434000Z,2023-04-18T15:13:22.575000Z,2023-04-18T15:57:26.183000,2023-04-18T15:13:22.958326Z,1799,C1I6GZK1,612,3-6 hours,30,Female,White,Italy,Italy,Italy,Italian,No,Full-Time
643eac86abf3ecca2e786faf,63d1552e3f556a9aa0fc8dfa,APPROVED,2023-04-18T14:43:24.561000Z,2023-04-18T14:49:40.077000Z,2023-04-18T15:57:26.329000,2023-04-18T14:49:41.830354Z,376,C1I6GZK1,23,3-6 hours,27,Female,White,United Kingdom,United Kingdom,United Kingdom,English,No,Full-Time
643eac87d8312b0f8c8e508a,5c82e6982421a3001242eafe,APPROVED,2023-04-18T14:43:23.396000Z,2023-04-18T14:49:06.752000Z,2023-04-18T15:57:26.462000,2023-04-18T14:49:07.297109Z,344,C1I6GZK1,390,3-6 hours,36,Female,White,United Kingdom,United Kingdom,United Kingdom,English,No,Full-Time
643eaca37ed88e5c8fe73091,5ee3ed811359a50d752fa0fc,APPROVED,2023-04-18T14:43:47.710000Z,2023-04-18T14:52:43.999000Z,2023-04-18T15:57:26.583000,2023-04-18T14:52:44.991778Z,537,C1I6GZK1,299,13 hours or more,28,Female,White,Italy,Italy,Italy,Italian,No,Unemployed (and job seeking)
643eaca3ef5dd7eae31b6621,5f28196752b92a0a83d7a9db,APPROVED,2023-04-18T14:43:51.534000Z,2023-04-18T14:55:20.709000Z,2023-04-18T15:57:26.701000,2023-04-18T14:55:23.617075Z,690,C1I6GZK1,465,0-3 hours,31,Female,White,Latvia,United Kingdom,Latvia,Russian,No,Full-Time
643eaca5d7bee02d89e73093,6086efbd71dc51bb8d6a1a5e,APPROVED,2023-04-18T14:43:49.119000Z,2023-04-18T14:56:32.860000Z,2023-04-18T15:57:26.825000,2023-04-18T14:56:46.516682Z,764,C1I6GZK1,180,3-6 hours,34,Female,Mixed,Chile,Chile,Chile,Spanish,No,Unemployed (and job seeking)
643eacb3a720973a7647ef58,602b586f3a3b7a2a138934b1,APPROVED,2023-04-18T14:44:03.842000Z,2023-04-18T14:56:20.390000Z,2023-04-18T15:57:26.943000,2023-04-18T14:56:33.892823Z,737,C1I6GZK1,519,6-9 hours,21,Female,Black,Italy,Spain,Italy,Italian,Yes,Part-Time
643eacb3b9145a1fbcfa6eb2,59360314da541f000146f49f,APPROVED,2023-04-18T14:44:29.263000Z,2023-04-18T14:50:36.047000Z,2023-04-18T15:57:27.077000,2023-04-18T14:50:36.440204Z,367,C1I6GZK1,946,3-6 hours,35,Female,Black,United States,Canada,United States,English,Yes,DATA_EXPIRED
643eacb9df99cdbd5f3163a8,5bcf4bb932e46700016fd804,APPROVED,2023-04-18T14:44:18.009000Z,2023-04-18T14:53:24.605000Z,2023-04-18T15:57:27.195000,2023-04-18T14:53:24.975258Z,547,C1I6GZK1,366,13 hours or more,23,Female,White,Poland,Poland,Poland,Polish,Yes,Part-Time
643eaccd8906632c4b797f52,615db8570269283bbe6f3b2b,APPROVED,2023-04-18T14:44:29.094000Z,2023-04-18T14:50:54.155000Z,2023-04-18T15:57:27.317000,2023-04-18T14:50:54.561632Z,386,C1I6GZK1,233,3-6 hours,26,Female,White,Italy,Italy,Italy,Italian,No,Full-Time
643eacce00d9fdd65721c0b6,60fed192ae37691d25db0d6d,APPROVED,2023-04-18T14:44:34.118000Z,2023-04-18T14:49:55.664000Z,2023-04-18T15:57:27.436000,2023-04-18T14:49:57.810702Z,322,C1I6GZK1,391,0-3 hours,34,Female,White,United States,United States,United States,English,No,Full-Time
643eaccea4b6c42184e0cc90,5e96e342070f8a16f7f0ba15,APPROVED,2023-04-18T14:44:36.744000Z,2023-04-18T14:48:55.716000Z,2023-04-18T15:57:27.553000,2023-04-18T14:48:56.138242Z,259,C1I6GZK1,418,6-9 hours,32,Female,White,United States Minor Outlying Islands,United Kingdom,Ireland,English,No,Full-Time
643eacd0f98db49b3e3de689,59d270d6faf42e00012b6cbc,APPROVED,2023-04-18T14:44:36.007000Z,2023-04-18T14:51:56.297000Z,2023-04-18T15:57:27.692000,2023-04-18T14:51:59.262748Z,441,C1I6GZK1,752,0-3 hours,38,Female,White,United Kingdom,United Kingdom,United Kingdom,English,No,DATA_EXPIRED
643eacd3b9145a1fbcfa6eb4,616494f1ae4537c01914c758,APPROVED,2023-04-18T14:44:42.540000Z,2023-04-18T14:50:05.012000Z,2023-04-18T15:57:27.816000,2023-04-18T14:50:05.460175Z,323,C1I6GZK1,236,3-6 hours,24,Female,White,Portugal,Portugal,Portugal,Portuguese,No,Full-Time
643eacd87201ff365947ef7e,5e4b1c2f5bc4e203ab0f3882,APPROVED,2023-04-18T14:44:44.603000Z,2023-04-18T14:54:32.520000Z,2023-04-18T15:57:27.939000,2023-04-18T14:54:36.314930Z,588,C1I6GZK1,368,13 hours or more,34,Female,White,South Africa,Canada,Canada,Afrikaans,No,Full-Time
643eacdb3ebe6dbbc7be109f,616447242501454ed1f17dba,APPROVED,2023-04-18T14:44:47.413000Z,2023-04-18T14:52:44.091000Z,2023-04-18T15:57:28.066000,2023-04-18T14:52:44.462415Z,477,C1I6GZK1,88,3-6 hours,22,Female,White,Belgium,Belgium,Belgium,Dutch,Yes,Other
643eace1b43226ecb13289b9,5fa6f67987c4d53d5abb21cc,APPROVED,2023-04-18T14:44:49.397000Z,2023-04-18T14:55:29.252000Z,2023-04-18T15:57:28.199000,2023-04-18T14:55:38.166635Z,640,C1I6GZK1,254,6-9 hours,21,Female,White,Portugal,Portugal,Portugal,Portuguese,Yes,Other
643ead3914370a2a0e10e733,6069b5c42ce20cd296bad67c,APPROVED,2023-04-18T14:46:20.712000Z,2023-04-18T15:03:00.494000Z,2023-04-18T15:57:13.170000,2023-04-18T15:03:00.999818Z,1000,C1I6GZK1,209,6-9 hours,22,Male,White,Portugal,Portugal,Portugal,Portuguese,No,Full-Time
643eb7f6abd05b3ce0eea95d,609959b59db017b59a4887ff,APPROVED,2023-04-18T15:32:10.671000Z,2023-04-18T15:35:36.823000Z,2023-04-18T15:57:13.291000,2023-04-18T15:35:37.304032Z,207,C1I6GZK1,519,13 hours or more,28,Male,White,Italy,Italy,Italy,Italian,No,Full-Time
643eb7f6f3a96cb897b3bc0e,64147bd031fe8ffa29c456ed,APPROVED,2023-04-18T15:32:17.171000Z,2023-04-18T15:43:53.972000Z,2023-04-18T15:57:13.423000,2023-04-18T15:43:54.872707Z,697,C1I6GZK1,19,13 hours or more,22,Male,White,United Kingdom,Italy,United Kingdom,English,No,Unemployed (and job seeking)
643eb7f8f3a96cb897b3bc0f,5f983f3b00bbab0c4b28149a,APPROVED,2023-04-18T15:32:08.353000Z,2023-04-18T15:42:05.922000Z,2023-04-18T15:57:28.322000,2023-04-18T15:42:06.362329Z,598,C1I6GZK1,440,10-12 hours,23,Female,White,Portugal,Portugal,Portugal,Portuguese,Yes,Other